CREATE DATABASE FUNCTIONS;
USE FUNCTIONS;

CREATE TABLE DEPARTMENT(
    DEPT_ID VARCHAR (60) PRIMARY KEY,
    DEPT_NAME VARCHAR (60),
    BUDGET INT ,
    BUILDING VARCHAR (60)
);

CREATE TABLE TEACHER (
    TEACHER_ID VARCHAR (60) PRIMARY KEY,
    TEACHER_NAME VARCHAR(60),
    DEPT_ID VARCHAR(60),
    FOREIGN KEY(DEPT_ID) REFERENCES DEPARTMENT(DEPT_ID),
    SALARY INT,
    HIREDATE DATE
);

CREATE TABLE SUBJECT (
    SUB_ID VARCHAR(60) PRIMARY KEY,
    SUB_NAME VARCHAR(60),
    DEPT_ID VARCHAR(60),
    FOREIGN KEY(DEPT_ID) REFERENCES DEPARTMENT(DEPT_ID),
    TEACHER_ID VARCHAR(60),  
    FOREIGN KEY(TEACHER_ID) REFERENCES TEACHER(TEACHER_ID),
    CREDITS INT
);

CREATE TABLE STUDENT(
    STUD_ID VARCHAR(60) PRIMARY KEY,
    STUD_NAME VARCHAR(60),
    DEPT_ID VARCHAR(60), 
    FOREIGN KEY(DEPT_ID) REFERENCES DEPARTMENT(DEPT_ID),
    GPA DECIMAL(3,2),  -- Adjusted to explicitly allow decimal places like 3.85
    ENR_YEAR INT 
);

CREATE TABLE CLASSROOM (
    CLASS_ID VARCHAR (60) PRIMARY KEY,
    ROOM_NAME VARCHAR (60),
    SUB_ID VARCHAR (60),
    DEPT_ID VARCHAR(60),
    FOREIGN KEY(DEPT_ID) REFERENCES DEPARTMENT(DEPT_ID),
    C_CAPCT INT,        -- Kept your original column name
    HAS_PROJECTOR BOOLEAN -- Kept your original column name
);

-- Populate Departments
INSERT INTO DEPARTMENT (DEPT_ID, DEPT_NAME, BUDGET, BUILDING) VALUES
('D1', 'Computer Science', 500000, 'Turing Hall'),
('D2', 'Mathematics', 250000, 'Gauss Tower'),
('D3', 'Physics', 300000, 'Einstein Lab'),
('D4', 'History', 120000, 'Lincoln Wing');

-- Populate Teachers
INSERT INTO TEACHER (TEACHER_ID, TEACHER_NAME, DEPT_ID, SALARY, HIREDATE) VALUES
('T101', 'Dr. Alan Turing', 'D1', 95000, '2018-03-12'),
('T102', 'Prof. Grace Hopper', 'D1', 88000, '2020-06-01'),
('T103', 'Dr. Carl Gauss', 'D2', 82000, '2015-09-15'),
('T104', 'Marie Curie', 'D3', 91000, '2019-01-20'),
('T105', 'Herodotus', 'D4', 60000, '2022-08-11');

-- Populate Subject
INSERT INTO SUBJECT (SUB_ID, SUB_NAME, DEPT_ID, TEACHER_ID, CREDITS) VALUES
('CS101', 'Introduction to Database', 'D1', 'T101', 4),
('CS102', 'Artificial Intelligence', 'D1', 'T102', 4),
('MA201', 'Linear Algebra', 'D2', 'T103', 3),
('PH301', 'Quantum Mechanics', 'D3', 'T104', 4),
('HI101', 'Ancient Civilizations', 'D4', 'T105', 2);

-- Populate Students
INSERT INTO STUDENT (STUD_ID, STUD_NAME, DEPT_ID, GPA, ENR_YEAR) VALUES
('S1', 'Alice Smith', 'D1', 3.85, 2024),
('S2', 'Bob Jones', 'D1', 2.90, 2025),
('S3', 'Charlie Brown', 'D2', 3.40, 2024),
('S4', 'David Miller', 'D3', 3.92, 2023),
('S5', 'Eva Green', 'D4', 3.15, 2025);

-- Populate Classroom
-- Note: Mapped 'Capacity' to 'C_CAPCT' and corrected 'HAS_PROJRETOR' to 'HAS_PROJECTOR'
INSERT INTO CLASSROOM (CLASS_ID, ROOM_NAME, SUB_ID, DEPT_ID, C_CAPCT, HAS_PROJECTOR) VALUES
('C1', '101-A', 'CS101', NULL, 50, TRUE),
('C2', '102-B', 'CS102', NULL, 35, TRUE),
('C3', '201', 'MA201', NULL, 40, FALSE),
('C4', 'Lab-3', 'PH301', NULL, 25, TRUE),
('C5', '404', NULL, NULL, 60, FALSE);

SELECT * FROM DEPARTMENT;

SELECT ENR_YEAR,COUNT(*) AS NO_OF_STUDENTS FROM STUDENT
GROUP BY ENR_YEAR 
ORDER BY ENR_YEAR;

SELECT * FROM STUDENT
ORDER BY GPA DESC;

ALTER TABLE STUDENT
MODIFY GPA DECIMAL(3,2);

SELECT STUD_ID,
STUD_NAME,
GPA,
ROW_NUMBER() OVER(ORDER BY GPA DESC) AS GPA_RANK
FROM STUDENT;

UPDATE STUDENT 
SET GPA=3.40 
WHERE STUD_ID='S5';

SELECT STUD_ID,
STUD_NAME,
GPA,
RANK() OVER(ORDER BY GPA DESC) AS GPA_RANK
FROM STUDENT;

CREATE TABLE EMPLOYEE (
    EmpID INT PRIMARY KEY,
    FirstName VARCHAR(50) NOT NULL,
    LastName VARCHAR(50) NOT NULL,
    Department VARCHAR(50),
    Salary DECIMAL(10, 2)
);

INSERT INTO EMPLOYEE (EmpID, FirstName, LastName, Department, Salary) VALUES
(101, 'John', 'Doe', 'IT', 75000.00),
(102, 'Jane', 'Smith', 'HR', 62000.00),
(103, 'Michael', 'Johnson', 'Finance', 85000.00),
(104, 'Emily', 'Davis', 'Marketing', 62000.00),
(105, 'David', 'Brown', 'IT', 78000.00),
(106, 'James', 'Wilson', 'Operations', 60000.00),
(107, 'Sarah', 'Miller', 'HR', 63500.00),
(108, 'Robert', 'Moore', 'Finance', 89000.00),
(109, 'Jessica', 'Taylor', 'Marketing', 57000.00),
(110, 'William', 'Anderson', 'IT', 82000.00),
(111, 'Brian', 'Thomas', 'Operations', 62000.00),
(112, 'Megan', 'Jackson', 'Finance', 87000.00),
(113, 'Eric', 'White', 'HR', 62000.00),
(114, 'Stephanie', 'Harris', 'Marketing', 57000.00),
(115, 'Andrew', 'Martin', 'IT', 76500.00);

SELECT *,
ROW_NUMBER() OVER(ORDER BY SALARY DESC) AS SALARY_GRADE
FROM EMPLOYEE;

SELECT *,
RANK() OVER(ORDER BY SALARY DESC) AS SALARY_SLOTS
FROM EMPLOYEE;

SELECT *,
sum(salary) OVER(ORDER BY SALARY DESC) AS SALARY_SLOTS
FROM EMPLOYEE;

SELECT *,
MAX(salary) OVER(PARTITION BY DEPARTMENT ORDER BY SALARY DESC) AS MAX_SALARY
FROM EMPLOYEE;

SELECT *,
MIN(salary) OVER(PARTITION BY DEPARTMENT ORDER BY SALARY DESC) AS MIN_SALARY
FROM EMPLOYEE;

SELECT *,
AVG(salary) OVER(PARTITION BY DEPARTMENT) AS AVG_SALARY
FROM EMPLOYEE;

SELECT *,
AVG(salary) OVER(PARTITION BY DEPARTMENT) AS AVG_SALARY,
SALARY-AVG(salary) OVER(PARTITION BY DEPARTMENT) AS DIFF
FROM EMPLOYEE;
